pickup_date,trip_volume,avg_fare,avg_distance,avg_tip,trip_volume_7day_avg
2024-07-01,75316,20.880543310850285,3.9896566466620635,3.575616867597854,
2024-07-02,78856,19.335447017348077,3.487956021101755,3.3339564522674237,
2024-07-03,71675,19.530695500523198,3.5778306243460065,3.3148817579351237,
2024-07-04,50853,20.539681238078384,4.00891078205809,3.288238058718266,
2024-07-05,65368,19.6956660751438,3.73142684493942,3.1768053175865867,
2024-07-06,68132,20.830110227206013,3.9724239711148948,3.4686247284682676,
2024-07-07,67753,22.81481794164096,4.639437663276903,3.9085309875577465,68279.0
2024-07-08,82502,21.279340622045524,4.038952146614627,3.787145402535696,69305.57142857143
2024-07-09,97845,19.88218784812714,3.4300933108487914,3.6345246052429863,72018.28571428571
2024-07-10,103932,19.346659835276913,3.251680137012662,3.5607117153523458,76626.42857142857
2024-07-11,101698,20.406516352337313,3.4786309465279555,3.735981140238746,83890.0
2024-07-12,89552,19.587980391281043,3.49828702876541,3.4888800920135785,87344.85714285714
2024-07-13,85740,19.334222999766737,3.478130627478423,3.360304525309074,89860.28571428571
2024-07-14,75857,21.114646242271643,4.155928259751901,3.716875304849915,91018.0
2024-07-15,87489,20.94705002914652,3.921916812399273,3.757416932414361,91730.42857142857
2024-07-16,106201,19.456861611472583,3.2798541444995806,3.6196395514166535,92924.14285714286
2024-07-17,106448,19.015264918082067,3.145857132120848,3.582698312791222,93283.57142857143
2024-07-18,102650,20.917955577204093,3.6307666829030687,3.8461164150024354,93419.57142857143
2024-07-19,89571,20.239762199819136,3.68397628696788,3.613338468924094,93422.28571428571
2024-07-20,87038,19.683905190836185,3.583554079827202,3.3883560054229185,93607.71428571429
2024-07-21,76567,21.371398383115444,4.205717084383612,3.6604530672482922,93709.14285714286
2024-07-22,83066,20.54576673970096,3.855251366383358,3.656382153949871,93077.28571428571
2024-07-23,95529,20.10737796899371,3.4819379455453316,3.668043316689173,91552.71428571429
2024-07-24,99030,19.788096031505603,3.416167323033424,3.6675284257295773,90493.0
2024-07-25,100149,20.60783322848955,3.560246632517549,3.7588039820667207,90135.71428571429
2024-07-26,88803,19.965081134646354,3.6010166323209805,3.5403991982252854,90026.0
2024-07-27,85560,19.32784396914446,3.481119331463301,3.3293742402992055,89814.85714285714
2024-07-28,75365,21.19473017979168,4.14327300471041,3.6677888940489614,89643.14285714286
2024-07-29,80316,20.280348747447583,3.8380442253100253,3.619634070421834,89250.28571428571
2024-07-30,94437,19.065184408653387,3.271681544309963,3.5020768342916444,89094.28571428571
2024-07-31,98283,19.423879612954426,3.319773714681074,3.583427042316576,88987.57142857143
2024-08-01,101649,19.620831291995,3.3998767326781376,3.6038980216234298,89201.85714285714
2024-08-02,92178,19.260074095771227,3.4196575104688756,3.426804009633535,89684.0
2024-08-03,86462,19.45107943373968,3.3987896416923045,3.357733223844001,89812.85714285714
2024-08-04,73848,21.617698922110282,4.230866509587261,3.6985992850178744,89596.14285714286
2024-08-05,83574,20.65023428338957,3.906849259339029,3.6600654509775765,90061.57142857143
2024-08-06,97515,19.087802902117623,3.1974570066143673,3.4620430702968776,90501.28571428571
2024-08-07,97011,20.329957015183844,3.5065175083237987,3.6944474337961672,90319.57142857143
2024-08-08,94530,20.066254628160372,3.413286575690257,3.652319475298847,89302.57142857143
2024-08-09,81052,19.684260474756947,3.602934042343187,3.482027710605537,87713.14285714286
2024-08-10,79684,19.824317303348224,3.5640545153355756,3.358565333065609,86744.85714285714
2024-08-11,66960,22.752631869772998,4.356593637992832,3.8804599761051373,85760.85714285714
2024-08-12,73189,20.79405498093976,3.9600662667887248,3.6317799122819006,84277.28571428571
2024-08-13,83421,19.430547583941692,3.511876985411347,3.4952540727155035,82263.85714285714
2024-08-14,90388,19.39371741824136,3.425935411780325,3.5041980130105768,81317.71428571429
2024-08-15,90757,19.984895600339367,3.531027028218209,3.552052073118327,80778.71428571429
2024-08-16,84180,19.879637562366355,3.6264398907103828,3.4526944642432884,81225.57142857143
2024-08-17,80250,19.67289781931464,3.5444742679127725,3.3355420560747664,81306.42857142857
2024-08-18,69876,20.99582503291545,4.03322757456065,3.583046968916366,81723.0
2024-08-19,75880,22.344015682656824,4.234089746968898,3.8658224828676855,82107.42857142857
2024-08-20,84664,20.61242310781442,3.745195478597751,3.6319678966266653,82285.0
2024-08-21,85528,20.02311652324385,3.61392994107193,3.5632575296978763,81590.71428571429
2024-08-22,86394,20.827615922402018,3.7489683311341064,3.6761198694353774,80967.42857142857
2024-08-23,81862,20.52710121912487,3.803540837018397,3.5884412792260143,80636.28571428571
2024-08-24,79145,20.05477819192621,3.7113520753048204,3.3596177901320363,80478.42857142857
2024-08-25,72189,21.841815373533365,4.300713405089418,3.737830694427129,80808.85714285714
2024-08-26,76254,21.063506176725156,4.072779657460592,3.615819760274871,80862.28571428571
2024-08-27,84234,20.025013415010566,3.6637884939573095,3.5471900895125485,80800.85714285714
2024-08-28,91959,20.039231722833,3.626727780858861,3.586091301558303,81719.57142857143
2024-08-29,88299,21.082717018312778,3.8555558953102524,3.728026364964496,81991.71428571429
2024-08-30,81406,21.205737046409354,3.9917522049971748,3.6819944475837163,81926.57142857143
2024-08-31,77780,20.86018243764464,3.9869526870660836,3.493154667009514,81731.57142857143
2024-09-01,72234,21.932919677714096,4.3285686795691785,3.6457814879419663,81738.0
2024-09-02,66125,24.069384650283556,5.059716597353497,4.162668128544423,80291.0
2024-09-03,91297,21.620739892877094,3.970337141417571,3.8842705674885263,81300.0
2024-09-04,103889,20.83959167958109,3.5490633272049976,3.8188888140226585,83004.28571428571
2024-09-05,110989,20.62174350611322,3.436736163043184,3.8143717845912657,86245.71428571429
2024-09-06,106260,20.249013928100887,3.4318127235083757,3.716409090909091,89796.28571428571
2024-09-07,101158,19.73295152138239,3.310026394353388,3.5006794321754087,93136.0
2024-09-08,88926,21.405253918988823,4.106728965656838,3.8356698828239213,95520.57142857143
2024-09-09,92719,21.040519095331053,3.78198201015973,3.866400953418393,99319.71428571429
2024-09-10,102017,20.487560896713294,3.3174219982944018,3.794696080065087,100851.14285714286
2024-09-11,102377,19.721873076960645,3.2678808716801626,3.7690354278793086,100635.14285714286
2024-09-12,115474,20.309633597173388,3.400925316521468,3.8617203872733254,101275.85714285714
2024-09-13,103484,19.77415600479301,3.3980021066058517,3.6628024622163813,100879.28571428571
2024-09-14,102382,19.07962532476412,3.2320189095739487,3.392692270125608,101054.14285714286
2024-09-15,86440,22.12289750115687,4.114324849606663,3.9077287135585377,100699.0
2024-09-16,92215,20.808749552675813,3.77991313777585,3.8690717345334273,100627.0
2024-09-17,108524,19.70554227636283,3.299918359072648,3.768659835612399,101556.57142857143
2024-09-18,113580,20.01066640253566,3.306114456770558,3.860560045782708,103157.0
2024-09-19,117295,20.68720653054265,3.402785796496014,3.9304073489918583,103417.14285714286
2024-09-20,110367,20.456182373354356,3.4680111808783423,3.807758840957895,104400.42857142857
2024-09-21,107741,19.94742363631301,3.271421000361979,3.552465078289602,105166.0
2024-09-22,94991,22.002454864145022,4.038619448158246,4.002929435420198,106387.57142857143
2024-09-23,94799,21.939645882340532,3.7467980674901638,4.055759976371059,106756.71428571429
2024-09-24,98279,21.315543198445244,3.443567089612227,4.017062648175093,105293.14285714286
2024-09-25,104943,21.370698569699744,3.454737333600145,4.080525713959006,104059.28571428571
2024-09-26,113349,21.57001702705802,3.492924948610045,4.112362349910454,103495.57142857143
2024-09-27,106034,20.187033687307846,3.4846395495784375,3.7874942942829657,102876.57142857143
2024-09-28,115688,18.568441757139894,3.0490938558882514,3.376843925039762,104011.85714285714
2024-09-29,94814,20.382813403083933,3.8314958761364357,3.747761301073681,103986.57142857143
2024-09-30,93584,20.995064327235426,3.849816955889896,3.894930329970935,103813.0
